<?xml version="1.0" encoding="UTF-8"?><idempiere Name="AD_Table" Version="1.0.0" idempiereVersion="2.1.0.qualifier" DataBaseVersion="2014-10-31" Description="" Author="SuperUser" AuthorEmail="superuser @ idempiere.com" CreatedDate="Tue Jul 11 22:12:53 ECT 2017" UpdatedDate="Tue Jul 11 22:12:53 ECT 2017" PackOutVersion="100" UpdateDictionary="true" Client="0-SYSTEM-System" AD_Client_UU="11237b53-9592-4af1-b3c5-afd216514b5d">
    <SQLStatement type="custom">
        <DBType>Postgres</DBType>
        <statement><![CDATA[
	    CREATE OR REPLACE VIEW product_product AS
	    SELECT
	    p.Name as name,
	    p.Value as default_code,
	    pp.PriceList as list_price,
	    pc.Name as category_name,
	    COALESCE(( SELECT max(t.rate) AS rate
		      FROM c_tax t
			JOIN m_product p_1 ON p_1.c_taxcategory_id = t.c_taxcategory_id
		      WHERE t.isdefault = 'Y'::bpchar AND p_1.m_product_id = p.m_product_id AND t.SOPOType IN ('B','S')), ( SELECT max(t.rate) AS max
		      FROM c_tax t
			JOIN m_product p_1 ON p_1.c_taxcategory_id = t.c_taxcategory_id
		      WHERE p_1.m_product_id = p.m_product_id)) AS rate_taxe,
	    CASE p.producttype
		    WHEN 'I'::bpchar THEN 'product'::text
		    WHEN 'S'::bpchar THEN 'service'::text
		    ELSE 'consu'::text
	    END AS type,
	    p.M_Product_ID,
	    p.AD_Client_ID,
	    p.AD_Org_ID,
	    p.IsActive,
	    p.CreatedBy,
	    p.Created,
	    p.UpdatedBy,
	    p.Updated
	    FROM M_Product p
	    JOIN M_ProductPrice pp ON (p.M_Product_ID = pp.M_Product_ID)
	    JOIN M_Product_Category pc ON (p.M_Product_Category_ID = pc.M_Product_Category_ID)
	    WHERE pp.M_PriceList_Version_ID = 104;
	]]>
	</statement>
    </SQLStatement>

  <AD_Table type="table">
        <AD_Client_ID>0</AD_Client_ID>
        <AD_Org_ID>0</AD_Org_ID>
        <Name>product_product</Name>
        <Description/>
        <Help/>
        <AD_Window_ID reference="id"/>
        <AD_Val_Rule_ID reference="id"/>
        <TableName>product_product</TableName>
        <LoadSeq>0</LoadSeq>
        <AccessLevel>3</AccessLevel>
        <IsActive>Y</IsActive>
        <IsSecurityEnabled>N</IsSecurityEnabled>
        <IsDeleteable>N</IsDeleteable>
        <IsHighVolume>N</IsHighVolume>
        <IsView>Y</IsView>
        <EntityType>U</EntityType>
        <ImportTable>N</ImportTable>
        <IsChangeLog>N</IsChangeLog>
        <ReplicationType>L</ReplicationType>
        <PO_Window_ID reference="id"/>
        <CopyColumnsFromTable>N</CopyColumnsFromTable>
        <IsCentrallyMaintained>Y</IsCentrallyMaintained>
        <AD_Table_UU>a4e12b3c-ebb4-4dad-8c76-56abeaf9f3b4</AD_Table_UU>
        <Processing>N</Processing>
        <DatabaseViewDrop>N</DatabaseViewDrop>
        <AD_Element type="table">
            <AD_Element_ID>454</AD_Element_ID>
            <AD_Client_ID>0</AD_Client_ID>
            <AD_Org_ID>0</AD_Org_ID>
            <AD_Element_ID>454</AD_Element_ID>
            <IsActive>Y</IsActive>
            <ColumnName>M_Product_ID</ColumnName>
            <Name>Product</Name>
            <Description>Product, Service, Item</Description>
            <Help>Identifies an item which is either purchased or sold in this organization.</Help>
            <PrintName>Product</PrintName>
            <PO_Description/>
            <PO_Help/>
            <PO_Name/>
            <PO_PrintName/>
            <EntityType>D</EntityType>
            <AD_Element_UU>f8660e99-7651-4829-b240-415fec23ebc0</AD_Element_UU>
            <AD_Element_Trl type="translation">
                <Help>Identifica un artículo que puede ser comprado o vendido es esta organización.</Help>
                <PO_Description/>
                <PO_Help/>
                <Name>Producto</Name>
                <Description>Producto; servicio o artículo.</Description>
                <PrintName>Producto</PrintName>
                <PO_Name/>
                <PO_PrintName/>
                <AD_Language>es_CO</AD_Language>
                <IsActive>Y</IsActive>
                <IsTranslated>Y</IsTranslated>
            </AD_Element_Trl>
        </AD_Element>
        <AD_Reference type="table">
            <AD_Reference_ID>30</AD_Reference_ID>
            <AD_Client_ID>0</AD_Client_ID>
            <AD_Org_ID>0</AD_Org_ID>
            <AD_Reference_ID>30</AD_Reference_ID>
            <Name>Search</Name>
            <Description>Search Field</Description>
            <Help/>
            <ValidationType>D</ValidationType>
            <IsActive>Y</IsActive>
            <VFormat/>
            <EntityType>D</EntityType>
            <IsOrderByValue>N</IsOrderByValue>
            <AD_Reference_UU>199e084e-6ad2-4bcd-8f5e-fdd08f4c0748</AD_Reference_UU>
            <AD_Reference_Trl type="translation">
                <Help/>
                <Name>Búsqueda</Name>
                <Description>Campo de Búsqueda</Description>
                <AD_Language>es_CO</AD_Language>
                <IsActive>Y</IsActive>
                <IsTranslated>Y</IsTranslated>
            </AD_Reference_Trl>
        </AD_Reference>
        <AD_Val_Rule type="table">
            <AD_Val_Rule_ID>231</AD_Val_Rule_ID>
            <AD_Client_ID>0</AD_Client_ID>
            <AD_Org_ID>0</AD_Org_ID>
            <AD_Val_Rule_ID>231</AD_Val_Rule_ID>
            <Name>M_Product (Trx)</Name>
            <Description/>
            <Type>S</Type>
            <Code>M_Product.IsSummary='N' AND M_Product.IsActive='Y'</Code>
            <IsActive>Y</IsActive>
            <EntityType>D</EntityType>
            <AD_Val_Rule_UU>4d84015b-d0a2-4de5-a8da-d35ae1b91468</AD_Val_Rule_UU>
        </AD_Val_Rule>
        <AD_Column type="table">
            <IsSyncDatabase>Y</IsSyncDatabase>
            <AD_Table_ID reference="uuid" reference-key="AD_Table">a4e12b3c-ebb4-4dad-8c76-56abeaf9f3b4</AD_Table_ID>
            <AD_Reference_Value_ID reference="id"/>
            <AD_Client_ID>0</AD_Client_ID>
            <AD_Org_ID>0</AD_Org_ID>
            <Version>0.0</Version>
            <Name>Product</Name>
            <Description>Product, Service, Item</Description>
            <Help>Identifies an item which is either purchased or sold in this organization.</Help>
            <AD_Val_Rule_ID reference="id">231</AD_Val_Rule_ID>
            <ColumnName>M_Product_ID</ColumnName>
            <DefaultValue/>
            <FieldLength>10</FieldLength>
            <IsKey>Y</IsKey>
            <IsParent>N</IsParent>
            <IsMandatory>N</IsMandatory>
            <IsTranslated>N</IsTranslated>
            <IsIdentifier>N</IsIdentifier>
            <SeqNo/>
            <IsEncrypted>N</IsEncrypted>
            <AD_Reference_ID reference="id">30</AD_Reference_ID>
            <IsActive>Y</IsActive>
            <VFormat/>
            <Callout/>
            <AD_Element_ID reference="id">454</AD_Element_ID>
            <IsUpdateable>N</IsUpdateable>
            <AD_Process_ID reference="id"/>
            <ValueMin/>
            <ValueMax/>
            <IsSelectionColumn>N</IsSelectionColumn>
            <ReadOnlyLogic/>
            <EntityType>U</EntityType>
            <IsAlwaysUpdateable>N</IsAlwaysUpdateable>
            <ColumnSQL/>
            <MandatoryLogic/>
            <IsAutocomplete>N</IsAutocomplete>
            <IsAllowLogging>Y</IsAllowLogging>
            <FormatPattern/>
            <AD_Chart_ID reference="id"/>
            <AD_Column_UU>914df19d-a488-4d27-89f6-e3afd4d842c6</AD_Column_UU>
            <IsAllowCopy>N</IsAllowCopy>
            <SeqNoSelection/>
            <IsToolbarButton>N</IsToolbarButton>
            <IsSecure>N</IsSecure>
            <FKConstraintName/>
            <FKConstraintType>N</FKConstraintType>
        </AD_Column>
        <AD_Element type="table">
            <AD_Element_ID>469</AD_Element_ID>
            <AD_Client_ID>0</AD_Client_ID>
            <AD_Org_ID>0</AD_Org_ID>
            <AD_Element_ID>469</AD_Element_ID>
            <IsActive>Y</IsActive>
            <ColumnName>Name</ColumnName>
            <Name>Name</Name>
            <Description>Alphanumeric identifier of the entity</Description>
            <Help>The name of an entity (record) is used as an default search option in addition to the search key. The name is up to 60 characters in length.</Help>
            <PrintName>Name</PrintName>
            <PO_Description/>
            <PO_Help/>
            <PO_Name/>
            <PO_PrintName/>
            <EntityType>D</EntityType>
            <AD_Element_UU>3a38ae9b-e9df-4678-bca8-fa97b457d8d4</AD_Element_UU>
            <AD_Element_Trl type="translation">
                <Help>El nombre de una entidad (registro) se usa como una opción de búsqueda predeterminada adicional al código. El nombre es de hasta 60 caracteres de longitud.</Help>
                <PO_Description/>
                <PO_Help/>
                <Name>Nombre</Name>
                <Description>Identificador alfanumérico de la entidad.</Description>
                <PrintName>Nombre</PrintName>
                <PO_Name/>
                <PO_PrintName/>
                <AD_Language>es_CO</AD_Language>
                <IsActive>Y</IsActive>
                <IsTranslated>Y</IsTranslated>
            </AD_Element_Trl>
        </AD_Element>
        <AD_Reference type="table">
            <AD_Reference_ID>10</AD_Reference_ID>
            <AD_Client_ID>0</AD_Client_ID>
            <AD_Org_ID>0</AD_Org_ID>
            <AD_Reference_ID>10</AD_Reference_ID>
            <Name>String</Name>
            <Description>Character String</Description>
            <Help/>
            <ValidationType>D</ValidationType>
            <IsActive>Y</IsActive>
            <VFormat/>
            <EntityType>D</EntityType>
            <IsOrderByValue>N</IsOrderByValue>
            <AD_Reference_UU>3f9a0323-219e-4b97-af37-58a2486a50e3</AD_Reference_UU>
            <AD_Reference_Trl type="translation">
                <Help/>
                <Name>Cadena</Name>
                <Description>Cadena de Caracteres</Description>
                <AD_Language>es_CO</AD_Language>
                <IsActive>Y</IsActive>
                <IsTranslated>Y</IsTranslated>
            </AD_Reference_Trl>
        </AD_Reference>
        <AD_Column type="table">
            <IsSyncDatabase>Y</IsSyncDatabase>
            <AD_Table_ID reference="uuid" reference-key="AD_Table">a4e12b3c-ebb4-4dad-8c76-56abeaf9f3b4</AD_Table_ID>
            <AD_Reference_Value_ID reference="id"/>
            <AD_Client_ID>0</AD_Client_ID>
            <AD_Org_ID>0</AD_Org_ID>
            <Version>0.0</Version>
            <Name>Name</Name>
            <Description>Alphanumeric identifier of the entity</Description>
            <Help>The name of an entity (record) is used as an default search option in addition to the search key. The name is up to 60 characters in length.</Help>
            <AD_Val_Rule_ID reference="id"/>
            <ColumnName>Name</ColumnName>
            <DefaultValue/>
            <FieldLength>255</FieldLength>
            <IsKey>N</IsKey>
            <IsParent>N</IsParent>
            <IsMandatory>N</IsMandatory>
            <IsTranslated>N</IsTranslated>
            <IsIdentifier>Y</IsIdentifier>
            <SeqNo/>
            <IsEncrypted>N</IsEncrypted>
            <AD_Reference_ID reference="id">10</AD_Reference_ID>
            <IsActive>Y</IsActive>
            <VFormat/>
            <Callout/>
            <AD_Element_ID reference="id">469</AD_Element_ID>
            <IsUpdateable>N</IsUpdateable>
            <AD_Process_ID reference="id"/>
            <ValueMin/>
            <ValueMax/>
            <IsSelectionColumn>Y</IsSelectionColumn>
            <ReadOnlyLogic/>
            <EntityType>C</EntityType>
            <IsAlwaysUpdateable>N</IsAlwaysUpdateable>
            <ColumnSQL/>
            <MandatoryLogic/>
            <IsAutocomplete>N</IsAutocomplete>
            <IsAllowLogging>Y</IsAllowLogging>
            <FormatPattern/>
            <AD_Chart_ID reference="id"/>
            <AD_Column_UU>86858ffd-d935-4ec4-a8ef-de835ed397cb</AD_Column_UU>
            <IsAllowCopy>Y</IsAllowCopy>
            <SeqNoSelection/>
            <IsToolbarButton>N</IsToolbarButton>
            <IsSecure>N</IsSecure>
            <FKConstraintName/>
            <FKConstraintType>N</FKConstraintType>
        </AD_Column>
        <AD_Element type="table">
            <AD_Client_ID>0</AD_Client_ID>
            <AD_Org_ID>0</AD_Org_ID>
            <IsActive>Y</IsActive>
            <ColumnName>default_code</ColumnName>
            <Name>default_code</Name>
            <Description/>
            <Help/>
            <PrintName>default_code</PrintName>
            <PO_Description/>
            <PO_Help/>
            <PO_Name/>
            <PO_PrintName/>
            <EntityType>C</EntityType>
            <AD_Element_UU>dacb0c3d-9493-4b25-b83d-ebd0b603d950</AD_Element_UU>
            <AD_Element_Trl type="translation">
                <Help/>
                <PO_Description/>
                <PO_Help/>
                <Name>default_code</Name>
                <Description/>
                <PrintName>default_code</PrintName>
                <PO_Name/>
                <PO_PrintName/>
                <AD_Language>es_CO</AD_Language>
                <IsActive>Y</IsActive>
                <IsTranslated>N</IsTranslated>
            </AD_Element_Trl>
        </AD_Element>
        <AD_Column type="table">
            <IsSyncDatabase>Y</IsSyncDatabase>
            <AD_Table_ID reference="uuid" reference-key="AD_Table">a4e12b3c-ebb4-4dad-8c76-56abeaf9f3b4</AD_Table_ID>
            <AD_Reference_Value_ID reference="id"/>
            <AD_Client_ID>0</AD_Client_ID>
            <AD_Org_ID>0</AD_Org_ID>
            <Version>0.0</Version>
            <Name>default_code</Name>
            <Description/>
            <Help/>
            <AD_Val_Rule_ID reference="id"/>
            <ColumnName>default_code</ColumnName>
            <DefaultValue/>
            <FieldLength>40</FieldLength>
            <IsKey>N</IsKey>
            <IsParent>N</IsParent>
            <IsMandatory>N</IsMandatory>
            <IsTranslated>N</IsTranslated>
            <IsIdentifier>N</IsIdentifier>
            <SeqNo/>
            <IsEncrypted>N</IsEncrypted>
            <AD_Reference_ID reference="id">10</AD_Reference_ID>
            <IsActive>Y</IsActive>
            <VFormat/>
            <Callout/>
            <AD_Element_ID reference="uuid" reference-key="AD_Element">dacb0c3d-9493-4b25-b83d-ebd0b603d950</AD_Element_ID>
            <IsUpdateable>N</IsUpdateable>
            <AD_Process_ID reference="id"/>
            <ValueMin/>
            <ValueMax/>
            <IsSelectionColumn>N</IsSelectionColumn>
            <ReadOnlyLogic/>
            <EntityType>C</EntityType>
            <IsAlwaysUpdateable>N</IsAlwaysUpdateable>
            <ColumnSQL/>
            <MandatoryLogic/>
            <IsAutocomplete>N</IsAutocomplete>
            <IsAllowLogging>Y</IsAllowLogging>
            <FormatPattern/>
            <AD_Chart_ID reference="id"/>
            <AD_Column_UU>e56d2044-d45b-4eb6-b3ba-000faf2bde35</AD_Column_UU>
            <IsAllowCopy>Y</IsAllowCopy>
            <SeqNoSelection/>
            <IsToolbarButton>N</IsToolbarButton>
            <IsSecure>N</IsSecure>
            <FKConstraintName/>
            <FKConstraintType>N</FKConstraintType>
        </AD_Column>
        <AD_Element type="table">
            <AD_Client_ID>0</AD_Client_ID>
            <AD_Org_ID>0</AD_Org_ID>
            <IsActive>Y</IsActive>
            <ColumnName>list_price</ColumnName>
            <Name>list_price</Name>
            <Description/>
            <Help/>
            <PrintName>list_price</PrintName>
            <PO_Description/>
            <PO_Help/>
            <PO_Name/>
            <PO_PrintName/>
            <EntityType>C</EntityType>
            <AD_Element_UU>266712c7-83a7-4067-b225-45a7941559de</AD_Element_UU>
            <AD_Element_Trl type="translation">
                <Help/>
                <PO_Description/>
                <PO_Help/>
                <Name>list_price</Name>
                <Description/>
                <PrintName>list_price</PrintName>
                <PO_Name/>
                <PO_PrintName/>
                <AD_Language>es_CO</AD_Language>
                <IsActive>Y</IsActive>
                <IsTranslated>N</IsTranslated>
            </AD_Element_Trl>
        </AD_Element>
        <AD_Reference type="table">
            <AD_Reference_ID>22</AD_Reference_ID>
            <AD_Client_ID>0</AD_Client_ID>
            <AD_Org_ID>0</AD_Org_ID>
            <AD_Reference_ID>22</AD_Reference_ID>
            <Name>Number</Name>
            <Description>Float Number</Description>
            <Help/>
            <ValidationType>D</ValidationType>
            <IsActive>Y</IsActive>
            <VFormat/>
            <EntityType>D</EntityType>
            <IsOrderByValue>N</IsOrderByValue>
            <AD_Reference_UU>2ad0cb02-a3a6-4f10-9036-680a142806d6</AD_Reference_UU>
            <AD_Reference_Trl type="translation">
                <Help/>
                <Name>Número</Name>
                <Description>Número Flotante</Description>
                <AD_Language>es_CO</AD_Language>
                <IsActive>Y</IsActive>
                <IsTranslated>Y</IsTranslated>
            </AD_Reference_Trl>
        </AD_Reference>
        <AD_Column type="table">
            <IsSyncDatabase>Y</IsSyncDatabase>
            <AD_Table_ID reference="uuid" reference-key="AD_Table">a4e12b3c-ebb4-4dad-8c76-56abeaf9f3b4</AD_Table_ID>
            <AD_Reference_Value_ID reference="id"/>
            <AD_Client_ID>0</AD_Client_ID>
            <AD_Org_ID>0</AD_Org_ID>
            <Version>0.0</Version>
            <Name>list_price</Name>
            <Description/>
            <Help/>
            <AD_Val_Rule_ID reference="id"/>
            <ColumnName>list_price</ColumnName>
            <DefaultValue/>
            <FieldLength>131089</FieldLength>
            <IsKey>N</IsKey>
            <IsParent>N</IsParent>
            <IsMandatory>N</IsMandatory>
            <IsTranslated>N</IsTranslated>
            <IsIdentifier>N</IsIdentifier>
            <SeqNo/>
            <IsEncrypted>N</IsEncrypted>
            <AD_Reference_ID reference="id">22</AD_Reference_ID>
            <IsActive>Y</IsActive>
            <VFormat/>
            <Callout/>
            <AD_Element_ID reference="uuid" reference-key="AD_Element">266712c7-83a7-4067-b225-45a7941559de</AD_Element_ID>
            <IsUpdateable>N</IsUpdateable>
            <AD_Process_ID reference="id"/>
            <ValueMin/>
            <ValueMax/>
            <IsSelectionColumn>N</IsSelectionColumn>
            <ReadOnlyLogic/>
            <EntityType>C</EntityType>
            <IsAlwaysUpdateable>N</IsAlwaysUpdateable>
            <ColumnSQL/>
            <MandatoryLogic/>
            <IsAutocomplete>N</IsAutocomplete>
            <IsAllowLogging>Y</IsAllowLogging>
            <FormatPattern/>
            <AD_Chart_ID reference="id"/>
            <AD_Column_UU>459420e8-6a18-41af-bd6e-f297b789a731</AD_Column_UU>
            <IsAllowCopy>Y</IsAllowCopy>
            <SeqNoSelection/>
            <IsToolbarButton>N</IsToolbarButton>
            <IsSecure>N</IsSecure>
            <FKConstraintName/>
            <FKConstraintType>N</FKConstraintType>
        </AD_Column>
        <AD_Element type="table">
            <AD_Client_ID>0</AD_Client_ID>
            <AD_Org_ID>0</AD_Org_ID>
            <IsActive>Y</IsActive>
            <ColumnName>category_name</ColumnName>
            <Name>category_name</Name>
            <Description/>
            <Help/>
            <PrintName>category_name</PrintName>
            <PO_Description/>
            <PO_Help/>
            <PO_Name/>
            <PO_PrintName/>
            <EntityType>C</EntityType>
            <AD_Element_UU>6531a4de-c743-4777-be81-06c9a5c7b43a</AD_Element_UU>
            <AD_Element_Trl type="translation">
                <Help/>
                <PO_Description/>
                <PO_Help/>
                <Name>category_name</Name>
                <Description/>
                <PrintName>category_name</PrintName>
                <PO_Name/>
                <PO_PrintName/>
                <AD_Language>es_CO</AD_Language>
                <IsActive>Y</IsActive>
                <IsTranslated>N</IsTranslated>
            </AD_Element_Trl>
        </AD_Element>
        <AD_Column type="table">
            <IsSyncDatabase>Y</IsSyncDatabase>
            <AD_Table_ID reference="uuid" reference-key="AD_Table">a4e12b3c-ebb4-4dad-8c76-56abeaf9f3b4</AD_Table_ID>
            <AD_Reference_Value_ID reference="id"/>
            <AD_Client_ID>0</AD_Client_ID>
            <AD_Org_ID>0</AD_Org_ID>
            <Version>0.0</Version>
            <Name>category_name</Name>
            <Description/>
            <Help/>
            <AD_Val_Rule_ID reference="id"/>
            <ColumnName>category_name</ColumnName>
            <DefaultValue/>
            <FieldLength>60</FieldLength>
            <IsKey>N</IsKey>
            <IsParent>N</IsParent>
            <IsMandatory>N</IsMandatory>
            <IsTranslated>N</IsTranslated>
            <IsIdentifier>N</IsIdentifier>
            <SeqNo/>
            <IsEncrypted>N</IsEncrypted>
            <AD_Reference_ID reference="id">10</AD_Reference_ID>
            <IsActive>Y</IsActive>
            <VFormat/>
            <Callout/>
            <AD_Element_ID reference="uuid" reference-key="AD_Element">6531a4de-c743-4777-be81-06c9a5c7b43a</AD_Element_ID>
            <IsUpdateable>N</IsUpdateable>
            <AD_Process_ID reference="id"/>
            <ValueMin/>
            <ValueMax/>
            <IsSelectionColumn>N</IsSelectionColumn>
            <ReadOnlyLogic/>
            <EntityType>C</EntityType>
            <IsAlwaysUpdateable>N</IsAlwaysUpdateable>
            <ColumnSQL/>
            <MandatoryLogic/>
            <IsAutocomplete>N</IsAutocomplete>
            <IsAllowLogging>Y</IsAllowLogging>
            <FormatPattern/>
            <AD_Chart_ID reference="id"/>
            <AD_Column_UU>f4b6f791-447d-4075-9147-e7eaed2b3420</AD_Column_UU>
            <IsAllowCopy>Y</IsAllowCopy>
            <SeqNoSelection/>
            <IsToolbarButton>N</IsToolbarButton>
            <IsSecure>N</IsSecure>
            <FKConstraintName/>
            <FKConstraintType>N</FKConstraintType>
        </AD_Column>
        <AD_Element type="table">
            <AD_Client_ID>0</AD_Client_ID>
            <AD_Org_ID>0</AD_Org_ID>
            <IsActive>Y</IsActive>
            <ColumnName>rate_taxe</ColumnName>
            <Name>rate_taxe</Name>
            <Description/>
            <Help/>
            <PrintName>rate_taxe</PrintName>
            <PO_Description/>
            <PO_Help/>
            <PO_Name/>
            <PO_PrintName/>
            <EntityType>C</EntityType>
            <AD_Element_UU>c41a771c-b78a-444b-bfeb-dfbd6156b341</AD_Element_UU>
            <AD_Element_Trl type="translation">
                <Help/>
                <PO_Description/>
                <PO_Help/>
                <Name>rate_taxe</Name>
                <Description/>
                <PrintName>rate_taxe</PrintName>
                <PO_Name/>
                <PO_PrintName/>
                <AD_Language>es_CO</AD_Language>
                <IsActive>Y</IsActive>
                <IsTranslated>N</IsTranslated>
            </AD_Element_Trl>
        </AD_Element>
        <AD_Column type="table">
            <IsSyncDatabase>Y</IsSyncDatabase>
            <AD_Table_ID reference="uuid" reference-key="AD_Table">a4e12b3c-ebb4-4dad-8c76-56abeaf9f3b4</AD_Table_ID>
            <AD_Reference_Value_ID reference="id"/>
            <AD_Client_ID>0</AD_Client_ID>
            <AD_Org_ID>0</AD_Org_ID>
            <Version>0.0</Version>
            <Name>rate_taxe</Name>
            <Description/>
            <Help/>
            <AD_Val_Rule_ID reference="id"/>
            <ColumnName>rate_taxe</ColumnName>
            <DefaultValue/>
            <FieldLength>131089</FieldLength>
            <IsKey>N</IsKey>
            <IsParent>N</IsParent>
            <IsMandatory>N</IsMandatory>
            <IsTranslated>N</IsTranslated>
            <IsIdentifier>N</IsIdentifier>
            <SeqNo/>
            <IsEncrypted>N</IsEncrypted>
            <AD_Reference_ID reference="id">22</AD_Reference_ID>
            <IsActive>Y</IsActive>
            <VFormat/>
            <Callout/>
            <AD_Element_ID reference="uuid" reference-key="AD_Element">c41a771c-b78a-444b-bfeb-dfbd6156b341</AD_Element_ID>
            <IsUpdateable>N</IsUpdateable>
            <AD_Process_ID reference="id"/>
            <ValueMin/>
            <ValueMax/>
            <IsSelectionColumn>N</IsSelectionColumn>
            <ReadOnlyLogic/>
            <EntityType>C</EntityType>
            <IsAlwaysUpdateable>N</IsAlwaysUpdateable>
            <ColumnSQL/>
            <MandatoryLogic/>
            <IsAutocomplete>N</IsAutocomplete>
            <IsAllowLogging>Y</IsAllowLogging>
            <FormatPattern/>
            <AD_Chart_ID reference="id"/>
            <AD_Column_UU>f31eb570-5406-438b-b3a8-5aafd0996166</AD_Column_UU>
            <IsAllowCopy>Y</IsAllowCopy>
            <SeqNoSelection/>
            <IsToolbarButton>N</IsToolbarButton>
            <IsSecure>N</IsSecure>
            <FKConstraintName/>
            <FKConstraintType>N</FKConstraintType>
        </AD_Column>
        <AD_Element type="table">
            <AD_Element_ID>600</AD_Element_ID>
            <AD_Client_ID>0</AD_Client_ID>
            <AD_Org_ID>0</AD_Org_ID>
            <AD_Element_ID>600</AD_Element_ID>
            <IsActive>Y</IsActive>
            <ColumnName>Type</ColumnName>
            <Name>Type</Name>
            <Description>Type of Validation (SQL, Java Script, Java Language)</Description>
            <Help>The Type indicates the type of validation that will occur.  This can be SQL, Java Script or Java Language.</Help>
            <PrintName>Type</PrintName>
            <PO_Description/>
            <PO_Help/>
            <PO_Name/>
            <PO_PrintName/>
            <EntityType>D</EntityType>
            <AD_Element_UU>3cc3c75f-fec5-46fb-aabf-699e697abce4</AD_Element_UU>
            <AD_Element_Trl type="translation">
                <Help>Indica el tipo de validación que ocurrirá. Esto puede ser SQL; Java Script o Java Language.</Help>
                <PO_Description/>
                <PO_Help/>
                <Name>Tipo</Name>
                <Description>Tipo de validación (SQL; Java Script; Java Language)</Description>
                <PrintName>Tipo</PrintName>
                <PO_Name/>
                <PO_PrintName/>
                <AD_Language>es_CO</AD_Language>
                <IsActive>Y</IsActive>
                <IsTranslated>Y</IsTranslated>
            </AD_Element_Trl>
        </AD_Element>
        <AD_Reference type="table">
            <AD_Reference_ID>17</AD_Reference_ID>
            <AD_Client_ID>0</AD_Client_ID>
            <AD_Org_ID>0</AD_Org_ID>
            <AD_Reference_ID>17</AD_Reference_ID>
            <Name>List</Name>
            <Description>Reference List</Description>
            <Help/>
            <ValidationType>D</ValidationType>
            <IsActive>Y</IsActive>
            <VFormat/>
            <EntityType>D</EntityType>
            <IsOrderByValue>N</IsOrderByValue>
            <AD_Reference_UU>70bc89e7-5848-4ff5-a1f0-e1b1aed3796f</AD_Reference_UU>
            <AD_Reference_Trl type="translation">
                <Help/>
                <Name>Lista</Name>
                <Description>Lista de Referencia</Description>
                <AD_Language>es_CO</AD_Language>
                <IsActive>Y</IsActive>
                <IsTranslated>Y</IsTranslated>
            </AD_Reference_Trl>
        </AD_Reference>
        <AD_Reference type="table">
            <AD_Reference_ID>50004</AD_Reference_ID>
            <AD_Client_ID>0</AD_Client_ID>
            <AD_Org_ID>0</AD_Org_ID>
            <AD_Reference_ID>50004</AD_Reference_ID>
            <Name>AD_Package_Build_Type</Name>
            <Description/>
            <Help/>
            <ValidationType>L</ValidationType>
            <IsActive>Y</IsActive>
            <VFormat/>
            <EntityType>D</EntityType>
            <IsOrderByValue>N</IsOrderByValue>
            <AD_Reference_UU>f26a9c79-8198-4893-831c-920aa5aca408</AD_Reference_UU>
            <AD_Reference_Trl type="translation">
                <Help/>
                <Name>AD_Package_Build_Type</Name>
                <Description/>
                <AD_Language>es_CO</AD_Language>
                <IsActive>Y</IsActive>
                <IsTranslated>Y</IsTranslated>
            </AD_Reference_Trl>
            <AD_Ref_List type="table">
                <AD_Ref_List_ID>50021</AD_Ref_List_ID>
                <AD_Client_ID>0</AD_Client_ID>
                <AD_Org_ID>0</AD_Org_ID>
                <AD_Ref_List_ID>50021</AD_Ref_List_ID>
                <Name>File - Code or other</Name>
                <Description/>
                <AD_Reference_ID reference="id">50004</AD_Reference_ID>
                <ValidFrom/>
                <ValidTo/>
                <Value>C</Value>
                <IsActive>Y</IsActive>
                <EntityType>D</EntityType>
                <AD_Ref_List_UU>0a0c196e-7b95-4765-b1f9-ff2a18fbe6bb</AD_Ref_List_UU>
                <AD_Ref_List_Trl type="translation">
                    <Description/>
                    <Name>Archivo - Codigo u otro</Name>
                    <AD_Language>es_CO</AD_Language>
                    <IsActive>Y</IsActive>
                    <IsTranslated>Y</IsTranslated>
                </AD_Ref_List_Trl>
            </AD_Ref_List>
            <AD_Ref_List type="table">
                <AD_Ref_List_ID>50022</AD_Ref_List_ID>
                <AD_Client_ID>0</AD_Client_ID>
                <AD_Org_ID>0</AD_Org_ID>
                <AD_Ref_List_ID>50022</AD_Ref_List_ID>
                <Name>Data</Name>
                <Description/>
                <AD_Reference_ID reference="id">50004</AD_Reference_ID>
                <ValidFrom/>
                <ValidTo/>
                <Value>D</Value>
                <IsActive>Y</IsActive>
                <EntityType>D</EntityType>
                <AD_Ref_List_UU>97f11708-c94c-4314-8967-204989224832</AD_Ref_List_UU>
                <AD_Ref_List_Trl type="translation">
                    <Description/>
                    <Name>Datos</Name>
                    <AD_Language>es_CO</AD_Language>
                    <IsActive>Y</IsActive>
                    <IsTranslated>Y</IsTranslated>
                </AD_Ref_List_Trl>
            </AD_Ref_List>
            <AD_Ref_List type="table">
                <AD_Ref_List_ID>50025</AD_Ref_List_ID>
                <AD_Client_ID>0</AD_Client_ID>
                <AD_Org_ID>0</AD_Org_ID>
                <AD_Ref_List_ID>50025</AD_Ref_List_ID>
                <Name>Application or Module</Name>
                <Description/>
                <AD_Reference_ID reference="id">50004</AD_Reference_ID>
                <ValidFrom/>
                <ValidTo/>
                <Value>M</Value>
                <IsActive>Y</IsActive>
                <EntityType>D</EntityType>
                <AD_Ref_List_UU>8991c6f4-dd48-4b9a-8e0f-e5e6537d7a3e</AD_Ref_List_UU>
                <AD_Ref_List_Trl type="translation">
                    <Description/>
                    <Name>Aplicación o Módulo</Name>
                    <AD_Language>es_CO</AD_Language>
                    <IsActive>Y</IsActive>
                    <IsTranslated>Y</IsTranslated>
                </AD_Ref_List_Trl>
            </AD_Ref_List>
            <AD_Ref_List type="table">
                <AD_Ref_List_ID>50026</AD_Ref_List_ID>
                <AD_Client_ID>0</AD_Client_ID>
                <AD_Org_ID>0</AD_Org_ID>
                <AD_Ref_List_ID>50026</AD_Ref_List_ID>
                <Name>Process/Report</Name>
                <Description/>
                <AD_Reference_ID reference="id">50004</AD_Reference_ID>
                <ValidFrom/>
                <ValidTo/>
                <Value>P</Value>
                <IsActive>Y</IsActive>
                <EntityType>D</EntityType>
                <AD_Ref_List_UU>969caf02-c2a7-4eed-8d77-c9e74e7efe32</AD_Ref_List_UU>
                <AD_Ref_List_Trl type="translation">
                    <Description/>
                    <Name>Proceso/Reporte</Name>
                    <AD_Language>es_CO</AD_Language>
                    <IsActive>Y</IsActive>
                    <IsTranslated>Y</IsTranslated>
                </AD_Ref_List_Trl>
            </AD_Ref_List>
            <AD_Ref_List type="table">
                <AD_Ref_List_ID>50027</AD_Ref_List_ID>
                <AD_Client_ID>0</AD_Client_ID>
                <AD_Org_ID>0</AD_Org_ID>
                <AD_Ref_List_ID>50027</AD_Ref_List_ID>
                <Name>ReportView</Name>
                <Description/>
                <AD_Reference_ID reference="id">50004</AD_Reference_ID>
                <ValidFrom/>
                <ValidTo/>
                <Value>R</Value>
                <IsActive>Y</IsActive>
                <EntityType>D</EntityType>
                <AD_Ref_List_UU>b5a3f1e8-dfde-47f0-8213-bdd4581b4a65</AD_Ref_List_UU>
                <AD_Ref_List_Trl type="translation">
                    <Description/>
                    <Name>Vista de Informe</Name>
                    <AD_Language>es_CO</AD_Language>
                    <IsActive>Y</IsActive>
                    <IsTranslated>Y</IsTranslated>
                </AD_Ref_List_Trl>
            </AD_Ref_List>
            <AD_Ref_List type="table">
                <AD_Ref_List_ID>50028</AD_Ref_List_ID>
                <AD_Client_ID>0</AD_Client_ID>
                <AD_Org_ID>0</AD_Org_ID>
                <AD_Ref_List_ID>50028</AD_Ref_List_ID>
                <Name>Role</Name>
                <Description/>
                <AD_Reference_ID reference="id">50004</AD_Reference_ID>
                <ValidFrom/>
                <ValidTo/>
                <Value>S</Value>
                <IsActive>Y</IsActive>
                <EntityType>D</EntityType>
                <AD_Ref_List_UU>33b42dff-997b-48d1-ac5f-e121e624fe61</AD_Ref_List_UU>
                <AD_Ref_List_Trl type="translation">
                    <Description/>
                    <Name>Rol</Name>
                    <AD_Language>es_CO</AD_Language>
                    <IsActive>Y</IsActive>
                    <IsTranslated>Y</IsTranslated>
                </AD_Ref_List_Trl>
            </AD_Ref_List>
            <AD_Ref_List type="table">
                <AD_Ref_List_ID>50030</AD_Ref_List_ID>
                <AD_Client_ID>0</AD_Client_ID>
                <AD_Org_ID>0</AD_Org_ID>
                <AD_Ref_List_ID>50030</AD_Ref_List_ID>
                <Name>SQL Statement</Name>
                <Description/>
                <AD_Reference_ID reference="id">50004</AD_Reference_ID>
                <ValidFrom/>
                <ValidTo/>
                <Value>SQL</Value>
                <IsActive>Y</IsActive>
                <EntityType>D</EntityType>
                <AD_Ref_List_UU>fd7db47d-3c36-4176-866b-ba069d22ebb0</AD_Ref_List_UU>
                <AD_Ref_List_Trl type="translation">
                    <Description/>
                    <Name>Comando SQL</Name>
                    <AD_Language>es_CO</AD_Language>
                    <IsActive>Y</IsActive>
                    <IsTranslated>Y</IsTranslated>
                </AD_Ref_List_Trl>
            </AD_Ref_List>
            <AD_Ref_List type="table">
                <AD_Ref_List_ID>50031</AD_Ref_List_ID>
                <AD_Client_ID>0</AD_Client_ID>
                <AD_Org_ID>0</AD_Org_ID>
                <AD_Ref_List_ID>50031</AD_Ref_List_ID>
                <Name>Table</Name>
                <Description/>
                <AD_Reference_ID reference="id">50004</AD_Reference_ID>
                <ValidFrom/>
                <ValidTo/>
                <Value>T</Value>
                <IsActive>Y</IsActive>
                <EntityType>D</EntityType>
                <AD_Ref_List_UU>ca867fbc-c2bf-44c1-94c3-232397b476ca</AD_Ref_List_UU>
                <AD_Ref_List_Trl type="translation">
                    <Description/>
                    <Name>Tabla</Name>
                    <AD_Language>es_CO</AD_Language>
                    <IsActive>Y</IsActive>
                    <IsTranslated>Y</IsTranslated>
                </AD_Ref_List_Trl>
            </AD_Ref_List>
            <AD_Ref_List type="table">
                <AD_Ref_List_ID>50032</AD_Ref_List_ID>
                <AD_Client_ID>0</AD_Client_ID>
                <AD_Org_ID>0</AD_Org_ID>
                <AD_Ref_List_ID>50032</AD_Ref_List_ID>
                <Name>Window</Name>
                <Description/>
                <AD_Reference_ID reference="id">50004</AD_Reference_ID>
                <ValidFrom/>
                <ValidTo/>
                <Value>W</Value>
                <IsActive>Y</IsActive>
                <EntityType>D</EntityType>
                <AD_Ref_List_UU>29eadafd-906c-49c7-a22d-098d3f707a47</AD_Ref_List_UU>
                <AD_Ref_List_Trl type="translation">
                    <Description/>
                    <Name>Ventana</Name>
                    <AD_Language>es_CO</AD_Language>
                    <IsActive>Y</IsActive>
                    <IsTranslated>Y</IsTranslated>
                </AD_Ref_List_Trl>
            </AD_Ref_List>
            <AD_Ref_List type="table">
                <AD_Ref_List_ID>50033</AD_Ref_List_ID>
                <AD_Client_ID>0</AD_Client_ID>
                <AD_Org_ID>0</AD_Org_ID>
                <AD_Ref_List_ID>50033</AD_Ref_List_ID>
                <Name>Form</Name>
                <Description/>
                <AD_Reference_ID reference="id">50004</AD_Reference_ID>
                <ValidFrom/>
                <ValidTo/>
                <Value>X</Value>
                <IsActive>Y</IsActive>
                <EntityType>D</EntityType>
                <AD_Ref_List_UU>66bc4085-92f6-4209-a22f-7abf3dff723e</AD_Ref_List_UU>
                <AD_Ref_List_Trl type="translation">
                    <Description/>
                    <Name>Forma</Name>
                    <AD_Language>es_CO</AD_Language>
                    <IsActive>Y</IsActive>
                    <IsTranslated>Y</IsTranslated>
                </AD_Ref_List_Trl>
            </AD_Ref_List>
            <AD_Ref_List type="table">
                <AD_Ref_List_ID>50023</AD_Ref_List_ID>
                <AD_Client_ID>0</AD_Client_ID>
                <AD_Org_ID>0</AD_Org_ID>
                <AD_Ref_List_ID>50023</AD_Ref_List_ID>
                <Name>Workflow</Name>
                <Description/>
                <AD_Reference_ID reference="id">50004</AD_Reference_ID>
                <ValidFrom/>
                <ValidTo/>
                <Value>F</Value>
                <IsActive>Y</IsActive>
                <EntityType>D</EntityType>
                <AD_Ref_List_UU>84a42d1d-fb1b-42e2-b658-0e9d005601e8</AD_Ref_List_UU>
                <AD_Ref_List_Trl type="translation">
                    <Description/>
                    <Name>Flujo de trabajo</Name>
                    <AD_Language>es_CO</AD_Language>
                    <IsActive>Y</IsActive>
                    <IsTranslated>Y</IsTranslated>
                </AD_Ref_List_Trl>
            </AD_Ref_List>
            <AD_Ref_List type="table">
                <AD_Ref_List_ID>50041</AD_Ref_List_ID>
                <AD_Client_ID>0</AD_Client_ID>
                <AD_Org_ID>0</AD_Org_ID>
                <AD_Ref_List_ID>50041</AD_Ref_List_ID>
                <Name>Dynamic Validation Rule</Name>
                <Description/>
                <AD_Reference_ID reference="id">50004</AD_Reference_ID>
                <ValidFrom/>
                <ValidTo/>
                <Value>V</Value>
                <IsActive>Y</IsActive>
                <EntityType>D</EntityType>
                <AD_Ref_List_UU>f9daf3dd-48f6-4db5-9d2f-ec3ba39ecd9d</AD_Ref_List_UU>
                <AD_Ref_List_Trl type="translation">
                    <Description/>
                    <Name>Regla de validación dinámica</Name>
                    <AD_Language>es_CO</AD_Language>
                    <IsActive>Y</IsActive>
                    <IsTranslated>Y</IsTranslated>
                </AD_Ref_List_Trl>
            </AD_Ref_List>
            <AD_Ref_List type="table">
                <AD_Ref_List_ID>50043</AD_Ref_List_ID>
                <AD_Client_ID>0</AD_Client_ID>
                <AD_Org_ID>0</AD_Org_ID>
                <AD_Ref_List_ID>50043</AD_Ref_List_ID>
                <Name>Message</Name>
                <Description/>
                <AD_Reference_ID reference="id">50004</AD_Reference_ID>
                <ValidFrom/>
                <ValidTo/>
                <Value>MSG</Value>
                <IsActive>Y</IsActive>
                <EntityType>D</EntityType>
                <AD_Ref_List_UU>300328cf-1bd2-4bc1-a225-4c0933d06588</AD_Ref_List_UU>
                <AD_Ref_List_Trl type="translation">
                    <Description/>
                    <Name>Mensaje</Name>
                    <AD_Language>es_CO</AD_Language>
                    <IsActive>Y</IsActive>
                    <IsTranslated>Y</IsTranslated>
                </AD_Ref_List_Trl>
            </AD_Ref_List>
            <AD_Ref_List type="table">
                <AD_Ref_List_ID>53227</AD_Ref_List_ID>
                <AD_Client_ID>0</AD_Client_ID>
                <AD_Org_ID>0</AD_Org_ID>
                <AD_Ref_List_ID>53227</AD_Ref_List_ID>
                <Name>Reference</Name>
                <Description/>
                <AD_Reference_ID reference="id">50004</AD_Reference_ID>
                <ValidFrom/>
                <ValidTo/>
                <Value>REF</Value>
                <IsActive>Y</IsActive>
                <EntityType>D</EntityType>
                <AD_Ref_List_UU>df633d27-88d1-4391-b326-2ef81c8d7676</AD_Ref_List_UU>
                <AD_Ref_List_Trl type="translation">
                    <Description/>
                    <Name>Referencia</Name>
                    <AD_Language>es_CO</AD_Language>
                    <IsActive>Y</IsActive>
                    <IsTranslated>Y</IsTranslated>
                </AD_Ref_List_Trl>
            </AD_Ref_List>
            <AD_Ref_List type="table">
                <AD_Ref_List_ID>53504</AD_Ref_List_ID>
                <AD_Client_ID>0</AD_Client_ID>
                <AD_Org_ID>0</AD_Org_ID>
                <AD_Ref_List_ID>53504</AD_Ref_List_ID>
                <Name>Model Validator</Name>
                <Description/>
                <AD_Reference_ID reference="id">50004</AD_Reference_ID>
                <ValidFrom/>
                <ValidTo/>
                <Value>MV</Value>
                <IsActive>Y</IsActive>
                <EntityType>D</EntityType>
                <AD_Ref_List_UU>59c565aa-99f3-42dd-93d8-4a25b59b09f3</AD_Ref_List_UU>
                <AD_Ref_List_Trl type="translation">
                    <Description/>
                    <Name>Validador del Modelo</Name>
                    <AD_Language>es_CO</AD_Language>
                    <IsActive>Y</IsActive>
                    <IsTranslated>Y</IsTranslated>
                </AD_Ref_List_Trl>
            </AD_Ref_List>
            <AD_Ref_List type="table">
                <AD_Ref_List_ID>53505</AD_Ref_List_ID>
                <AD_Client_ID>0</AD_Client_ID>
                <AD_Org_ID>0</AD_Org_ID>
                <AD_Ref_List_ID>53505</AD_Ref_List_ID>
                <Name>Entity Type</Name>
                <Description/>
                <AD_Reference_ID reference="id">50004</AD_Reference_ID>
                <ValidFrom/>
                <ValidTo/>
                <Value>ET</Value>
                <IsActive>Y</IsActive>
                <EntityType>D</EntityType>
                <AD_Ref_List_UU>19020e49-1e7c-4dea-9957-1f434714c8b3</AD_Ref_List_UU>
                <AD_Ref_List_Trl type="translation">
                    <Description/>
                    <Name>Tipo Entidad</Name>
                    <AD_Language>es_CO</AD_Language>
                    <IsActive>Y</IsActive>
                    <IsTranslated>Y</IsTranslated>
                </AD_Ref_List_Trl>
            </AD_Ref_List>
            <AD_Ref_List type="table">
                <AD_Ref_List_ID>50024</AD_Ref_List_ID>
                <AD_Client_ID>0</AD_Client_ID>
                <AD_Org_ID>0</AD_Org_ID>
                <AD_Ref_List_ID>50024</AD_Ref_List_ID>
                <Name>Import Format</Name>
                <Description>Exports Import Format</Description>
                <AD_Reference_ID reference="id">50004</AD_Reference_ID>
                <ValidFrom/>
                <ValidTo/>
                <Value>IMP</Value>
                <IsActive>Y</IsActive>
                <EntityType>D</EntityType>
                <AD_Ref_List_UU>b154a444-c4db-4678-a2a7-5948c4b8c302</AD_Ref_List_UU>
                <AD_Ref_List_Trl type="translation">
                    <Description>Exportar formato de importación</Description>
                    <Name>Formato de importación</Name>
                    <AD_Language>es_CO</AD_Language>
                    <IsActive>Y</IsActive>
                    <IsTranslated>Y</IsTranslated>
                </AD_Ref_List_Trl>
            </AD_Ref_List>
            <AD_Ref_List type="table">
                <AD_Ref_List_ID>50029</AD_Ref_List_ID>
                <AD_Client_ID>0</AD_Client_ID>
                <AD_Org_ID>0</AD_Org_ID>
                <AD_Ref_List_ID>50029</AD_Ref_List_ID>
                <Name>Code Snipit</Name>
                <Description>Replace a code snipit with in a file</Description>
                <AD_Reference_ID reference="id">50004</AD_Reference_ID>
                <ValidFrom/>
                <ValidTo/>
                <Value>SNI</Value>
                <IsActive>Y</IsActive>
                <EntityType>D</EntityType>
                <AD_Ref_List_UU>f4c6398e-f40c-46a6-bf94-b5a1818860b0</AD_Ref_List_UU>
                <AD_Ref_List_Trl type="translation">
                    <Description>Replace a code snipit with in a file</Description>
                    <Name>Recorte de Código</Name>
                    <AD_Language>es_CO</AD_Language>
                    <IsActive>Y</IsActive>
                    <IsTranslated>Y</IsTranslated>
                </AD_Ref_List_Trl>
            </AD_Ref_List>
            <AD_Ref_List type="table">
                <AD_Ref_List_ID>50044</AD_Ref_List_ID>
                <AD_Client_ID>0</AD_Client_ID>
                <AD_Org_ID>0</AD_Org_ID>
                <AD_Ref_List_ID>50044</AD_Ref_List_ID>
                <Name>PrintFormat</Name>
                <Description/>
                <AD_Reference_ID reference="id">50004</AD_Reference_ID>
                <ValidFrom/>
                <ValidTo/>
                <Value>PFT</Value>
                <IsActive>Y</IsActive>
                <EntityType>D</EntityType>
                <AD_Ref_List_UU>5415dc1a-1e7f-4ffe-805a-2c5221e2d351</AD_Ref_List_UU>
                <AD_Ref_List_Trl type="translation">
                    <Description/>
                    <Name>Formato de impresión</Name>
                    <AD_Language>es_CO</AD_Language>
                    <IsActive>Y</IsActive>
                    <IsTranslated>Y</IsTranslated>
                </AD_Ref_List_Trl>
            </AD_Ref_List>
            <AD_Ref_List type="table">
                <AD_Ref_List_ID>50020</AD_Ref_List_ID>
                <AD_Client_ID>0</AD_Client_ID>
                <AD_Org_ID>0</AD_Org_ID>
                <AD_Ref_List_ID>50020</AD_Ref_List_ID>
                <Name>Workbench</Name>
                <Description/>
                <AD_Reference_ID reference="id">50004</AD_Reference_ID>
                <ValidFrom/>
                <ValidTo/>
                <Value>B</Value>
                <IsActive>N</IsActive>
                <EntityType>D</EntityType>
                <AD_Ref_List_UU>a35c0eb5-e62e-4c31-8757-7c0f448458b6</AD_Ref_List_UU>
                <AD_Ref_List_Trl type="translation">
                    <Description/>
                    <Name>Conjunto de trabajos</Name>
                    <AD_Language>es_CO</AD_Language>
                    <IsActive>Y</IsActive>
                    <IsTranslated>Y</IsTranslated>
                </AD_Ref_List_Trl>
            </AD_Ref_List>
        </AD_Reference>
        <AD_Column type="table">
            <IsSyncDatabase>Y</IsSyncDatabase>
            <AD_Table_ID reference="uuid" reference-key="AD_Table">a4e12b3c-ebb4-4dad-8c76-56abeaf9f3b4</AD_Table_ID>
            <AD_Reference_Value_ID reference="id">50004</AD_Reference_Value_ID>
            <AD_Client_ID>0</AD_Client_ID>
            <AD_Org_ID>0</AD_Org_ID>
            <Version>0.0</Version>
            <Name>Type</Name>
            <Description>Type of Validation (SQL, Java Script, Java Language)</Description>
            <Help>The Type indicates the type of validation that will occur.  This can be SQL, Java Script or Java Language.</Help>
            <AD_Val_Rule_ID reference="id"/>
            <ColumnName>Type</ColumnName>
            <DefaultValue/>
            <FieldLength>2147483647</FieldLength>
            <IsKey>N</IsKey>
            <IsParent>N</IsParent>
            <IsMandatory>N</IsMandatory>
            <IsTranslated>N</IsTranslated>
            <IsIdentifier>N</IsIdentifier>
            <SeqNo/>
            <IsEncrypted>N</IsEncrypted>
            <AD_Reference_ID reference="id">17</AD_Reference_ID>
            <IsActive>Y</IsActive>
            <VFormat/>
            <Callout/>
            <AD_Element_ID reference="id">600</AD_Element_ID>
            <IsUpdateable>N</IsUpdateable>
            <AD_Process_ID reference="id"/>
            <ValueMin/>
            <ValueMax/>
            <IsSelectionColumn>N</IsSelectionColumn>
            <ReadOnlyLogic/>
            <EntityType>C</EntityType>
            <IsAlwaysUpdateable>N</IsAlwaysUpdateable>
            <ColumnSQL/>
            <MandatoryLogic/>
            <IsAutocomplete>N</IsAutocomplete>
            <IsAllowLogging>Y</IsAllowLogging>
            <FormatPattern/>
            <AD_Chart_ID reference="id"/>
            <AD_Column_UU>4b9dadf7-eb2c-4e33-a2da-0ed7ef9736e3</AD_Column_UU>
            <IsAllowCopy>Y</IsAllowCopy>
            <SeqNoSelection/>
            <IsToolbarButton>N</IsToolbarButton>
            <IsSecure>N</IsSecure>
            <FKConstraintName/>
            <FKConstraintType>N</FKConstraintType>
        </AD_Column>
    </AD_Table>
</idempiere>
