<?xml version="1.0" encoding="UTF-8"?><?xml-stylesheet type="text/css" href="idempiereDocument.css"?><idempiereDocument>
    <header>UpdateQueryBPartnerTestPARA Package Description</header>
    <H1>Package Name:</H1>
    <packagename>UpdateQueryBPartnerTestPARA</packagename>
    <H1>Author:</H1>
    <Name:/>
    <H1>Email Address:</H1>
    <Email>f r e d d y h e r e d i a 4 @ </Email>
    <H1>Created:</H1>
    <Date>2016-07-11 12:08:05.228</Date>
    <H1>Updated:</H1>
    <Date>2017-07-15 09:39:44.972</Date>
    <H1>Description:</H1>
    <description>Update the Parameter Type to Free for the "Filter" parameter of the Web Service Type "QueryBPartnerTest"</description>
    <H1>Instructions:</H1>
    <instructions/>
    <H1>Files in Package:</H1>
    <file>File: PackOut.xml</file>
    <filedirectory>Directory: \dict\</filedirectory>
    <filenotes>Notes: Contains all application/object settings for package</filenotes>
    <H1>Client:</H1>
    <Client>0-SYSTEM-System</Client>
</idempiereDocument>
